000b7d55b6184b08.png,389
001b5e6f1b89fd3b.png,577
00312c7e7196baf4.png,327
00c3cd597f1ee96f.png,361
01244097ca8ffdfa.png,91
0134ba03294509a1.png,982
014f0024918a7b6f.png,10
01bdc0cfe670f708.png,472
01dd15caa1b2c7b4.png,304
01f824264783f58d.png,968
01fa4be27dd11b5d.png,451
0212aa8aa912ee45.png,990
024f73e53c3c1f1d.png,580
02dbe78a73db2808.png,978
02eb799d147d5f91.png,625
038fd7a750733bb5.png,18
03f90f7138f761e8.png,699
0411ca972e637297.png,968
04546cc5e537d7cd.png,426
04c1bde5affb7b5b.png,558
04cb9de291399d15.png,465
05437214d1ba9580.png,810
0546b47c13f154d3.png,108
05817a675e7506d1.png,485
059da9a174262427.png,174
05cac1419419ce29.png,854
05f7c084329ff0c6.png,650
060dfe239abfd547.png,707
064e1cc405062c85.png,108
068c5d66662a837a.png,964
06a0e36c443746b5.png,354
0707f3dfb7c29f5c.png,762
080bec22a6b1d37d.png,760
088560551b91ceb0.png,602
08fbf75e60a6efb7.png,501
093402dc35f59027.png,734
0aebe24fc257286e.png,561
0af0a5dfee6b84ff.png,484
0b1d45bd9ab1064e.png,561
0bd5123017590e39.png,581
0be391239ccba0f2.png,719
0c7ac4a8c9dfa802.png,303
0ceee9a38409e30c.png,484
0d29832e5da60f5f.png,826
0d6463e9a7ef6185.png,771
0d65cb9d26de4d37.png,571
0d85e0103989c850.png,324
0db0952967f6faa6.png,816
0dffbfa7ba43cb90.png,962
0e0299d6352a3fb8.png,539
0e0f1fd2ed183781.png,114
0e71473957df4793.png,481
0e83f990a04ed67d.png,822
0e9bdc3ab80b1a71.png,297
0ed355357757528d.png,763
0f36316247c03427.png,616
0f9d8c86a9f38020.png,760
10bc8784a5eb8843.png,744
10db986bad48a9d5.png,540
114c98c078c5aab0.png,50
11954d93a7051cb5.png,23
11afa51200515f9a.png,709
11c53fe6feb856c6.png,462
121c87c3c822e2c5.png,459
126175abfdcb1a21.png,471
128fca690a11f68c.png,98
12cf4de43c70273e.png,815
12fb008451be82d4.png,583
134bfd93a04b88b2.png,581
137ab6ca314e9e35.png,620
13810fcac72f12ba.png,876
1394faa319bd353c.png,610
143c74a57326fd40.png,582
1461ed9402248ddc.png,514
1478a0fc99a988db.png,776
1484479b7630af0a.png,702
150249123e81930d.png,923
15d27dbdc9eeda7f.png,752
16179baa1513c701.png,95
1685d066f8070081.png,978
16bbe588e0ecc6ab.png,142
16ff75228179469c.png,165
172f992e1a0ebbc3.png,406
1733cbc68a2ae05d.png,556
17cfccd62451a233.png,924
17df043d369008f5.png,114
17f3b8a057bc01be.png,859
184a160b32ff4c72.png,518
18d5f99fe237a306.png,815
19935b1c0a4d305d.png,761
19b5bea9a7608a92.png,778
19d43f8204d3183d.png,985
1a264165276e3c85.png,855
1a680f33500acb4b.png,667
1a7425e8f990e04a.png,608
1a94dc47fdd84a95.png,870
1a95932427129cda.png,657
1ac44ddb6a2d497a.png,892
1b1ffd7000d0749f.png,960
1b546695167d3f6e.png,960
1b57d7bbd673c771.png,423
1ba816dc6937b62d.png,860
1bb5f1337dfb1edd.png,641
1be47d60e0156bbb.png,650
1c2e9fe8b0b2fdf2.png,58
1c924877ccc60129.png,827
1cbae41091a750dc.png,473
1cc2caf8e5db27c3.png,431
1cfa5381359bff9f.png,422
1d4133f5bc7af193.png,141
1d5361e858fe8462.png,499
1dc0533f87996962.png,566
1df5e1adad21d618.png,405
1dfbeffd999f280e.png,582
1e26772fc8c493bb.png,416
1e33aa336b89dcff.png,539
1e408a8d1e2cdc74.png,574
1e4bb9fd37654da6.png,547
1e77361718213a43.png,440
1ebff1b3c8de66de.png,281
1ef172b89f4a39cf.png,50
1f3f949ccbc81c93.png,304
1f4227ce24232867.png,34
1f71668ab3dbe81b.png,709
1f7c25207bc3e303.png,476
200285e90078210b.png,442
200735f93ea764f2.png,309
207fd3b5def218d1.png,991
212476b1b58a0cfe.png,512
2153d9869fb5a9ef.png,645
21554e755b9706d2.png,342
217597258ac12258.png,510
218e02b6cfa0466e.png,699
21b0803c965f76ef.png,920
21fef4d9b3dce49a.png,978
2200794c59b1808e.png,311
225e06c2dfa68a62.png,882
22712d0324d43ef2.png,898
228fec6cab5f560d.png,974
229fbe790098d2e5.png,481
22a313cc9fc2b4f1.png,310
22a9c318b6e36853.png,858
232c22314e21f764.png,115
23955512cd0e1191.png,898
23f39187c0d00e30.png,972
23f9d18d531eb148.png,479
24159caf9c5e92be.png,708
24312de5c34473c0.png,874
24726d9054e9d78f.png,545
25eef91443ded954.png,437
25f85aadcf248cc1.png,854
263c7bcd59502625.png,480
26aa2e6ee43387e7.png,913
2842a69bf5b14526.png,880
28652355cd12a1e7.png,308
2891f4aa2279d369.png,471
29279d12ed3e29ff.png,458
296033c3a5910845.png,361
29fe8d653950a631.png,80
2a1a60df9a58bb7c.png,864
2abcab3d77d4767e.png,443
2b741c5c635a7295.png,108
2b7e6f0d6f73fa1f.png,447
2ba52bcf59097dc8.png,971
2bc6c55a0ab24f86.png,832
2c065d2dc6b2cf44.png,934
2c54b60a2851b8ed.png,657
2c9398f44d099e0f.png,522
2d23b1dab7e3e9c0.png,511
2d95297e468bdf9b.png,866
2e541180b2323a5d.png,429
2e854fca826e54b3.png,858
2e9b377877f64b3d.png,499
2ed718f6db9785f8.png,519
2ee4c1b2b9bcc6c8.png,763
2efe4916e679e875.png,866
2f7d5ff922af55c4.png,481
2fc17ec1fad5d947.png,874
303781188f1b3b27.png,477
30b62313af2b5d74.png,316
30b922dbfdbffd11.png,662
30e132285c2e960f.png,957
313ff0037b86260a.png,498
315e55af9615abd2.png,731
319e8b63d6a194aa.png,501
3201d10ec4dca056.png,739
3228a465697fb2cf.png,840
324278ff7f22b4eb.png,819
328d99215b19c8c7.png,831
32c0e4647ce5a812.png,327
3302a8c24caf20f4.png,704
330b9cb3cd80c88b.png,534
33197fa6ae88508a.png,848
335e604bbe3eec78.png,312
33adbc27fdcadd65.png,125
346c5575b60194c3.png,989
348618ddbde3a39c.png,387
348ac56def3ccd35.png,916
34a39905ce228160.png,982
35c344ca0584ba14.png,688
35d67f3f70aeef92.png,980
3617bfc5d06bc196.png,885
362e4ac62cf888f4.png,550
3692f6967c632fee.png,806
37e7dc99bf2704c7.png,550
380053c506e32105.png,780
38287d2e5a4a9a57.png,960
3841b33c9797cbf1.png,909
38546e7d7136c2ab.png,600
38bdd950c1d08be6.png,133
38c6124f40b8d845.png,896
38d8d105d5e70c80.png,422
38deb4830d12358f.png,980
393d40f3a6a79400.png,328
398720b8f19d5b84.png,631
39a483e9a23716ed.png,676
39f82c728c956125.png,705
3a7d9bd310202e93.png,790
3b32eca218ed3dbe.png,742
3b67bec3793efcb4.png,822
3bd1ba0432603b28.png,921
3bfe9ff7b488485d.png,758
3c970c84b598f2d9.png,780
3cf4bb0637d0f182.png,862
3d6e530955c60759.png,512
3d75d9676ad6361c.png,361
3dc0e8f854bdc9b3.png,604
3df888fc3b1df464.png,453
3dfbdd066af9ca1e.png,821
3e1e47f5af2a3f16.png,294
3e7b01ba495f15f9.png,708
3e8bf1eee7083f6e.png,771
3e9496f7652e1968.png,469
3ece3c1f94e4141a.png,288
3eded0a8d5f16059.png,128
3efa3df701898afd.png,723
3f40eba168e5d385.png,515
3f48b1e74589d310.png,653
3f8bf287f20333eb.png,973
4053a6a3d0e63c01.png,392
405dd60729a8c18d.png,848
4063377442ea93d3.png,596
408bae58c26a8076.png,974
40a7f086461190f3.png,493
40f79488e3c2d6c4.png,612
411c5d79017077f4.png,82
412311ea17528b7c.png,764
4146a745f9b2f3cb.png,50
4227a6e105cc0588.png,971
422d08407aeed1be.png,114
42e55ac6782d4d99.png,34
42e9b41ce96dbf0a.png,851
435137d9d4f4125e.png,2
43694caa12d5f823.png,979
43fa89c17e628c06.png,133
444109f3ccfacc7b.png,336
446b24f903b488fc.png,144
446f75fdea0e1da0.png,922
448a738f6dcba07e.png,563
44982b98ba192bb7.png,322
44aa69f642b86628.png,880
44fa09bc5f8e69a5.png,304
45315ea51da415ab.png,283
4572c8986c28343b.png,437
45da32a1cf073a4f.png,86
46a489dcff5471a4.png,920
46b657df12fd7c26.png,284
477bf90e7413df23.png,542
47b087263b33728b.png,319
48762c2cd2ed47e1.png,755
490df9e021386d29.png,405
493694833dc23399.png,612
493e327b171ab0c3.png,771
49591319edeb6b3a.png,309
49b1adfeb8ffcabd.png,932
49c27b439d39a00c.png,490
4a0bac33f8e81e60.png,407
4a1a40a116088962.png,598
4a1a488e8a975f7c.png,920
4a251fb6d80b5137.png,557
4abadb721e74b99b.png,962
4aeb33c9e565a201.png,98
4b0c9bf2584b35d3.png,938
4b384c8247b56c0a.png,542
4b52fd42977215b9.png,901
4b8517e927f32962.png,866
4bb12984b41d0834.png,34
4bdb561770b52424.png,147
4c8a4414419ab0bb.png,662
4ca02fd28a5e9703.png,996
4cccb215bd60b3c3.png,33
4cd90a6459ce9571.png,719
4d008626b4b68665.png,108
4d0c0f35a0c00bdc.png,680
4d1237ccbd9a5b4b.png,815
4dc360d125c9238c.png,527
4de063bd5b838f11.png,670
4e1bdcb677f21fb4.png,874
4e34df87968bd882.png,339
4edeacef9fb8ec90.png,526
4f04ca75d7aafc0a.png,840
4f5464b7d4682441.png,976
4f553b721705d008.png,397
4f722cab5573a5fb.png,885
4f9f0b75f5b04524.png,58
4fc263d35a3ad3ee.png,181
4fcc9c949d66a4e0.png,771
4fff343244f212cc.png,746
5021e7da00bf43b2.png,480
506b87b78daa499c.png,821
50b9e11ae686ae32.png,321
510e5062fef4a993.png,894
513b3032ed1f388c.png,114
515c6586db87bbd8.png,874
517dc655edeaf344.png,430
5191cfba868056a5.png,971
51b390bb124a6d9d.png,647
51d1c77f80467b59.png,977
5224fec9ba33b50d.png,604
526f322d78bd5b44.png,571
5292f5b36a0789fa.png,916
52d8515abbfaa8ac.png,171
53211f8a1b131de6.png,946
53c478ffc8ddb967.png,320
53fe22426ff21243.png,536
54153d17b11b495c.png,657
542c07e8bf8e283c.png,145
54666421b4a6998f.png,920
54a6b2cd7f89220e.png,918
54ff02d9dfbf8540.png,884
5528f7330399485f.png,74
55323ce1ff485412.png,386
55512a6c2a45e2e8.png,928
55599050147071cc.png,473
556d8b457b94c285.png,747
558a7b66b78ba65b.png,885
55a2e48a87c16998.png,328
55b85f4336d9603a.png,880
55e85d7b58024966.png,968
564de663adeb8cd5.png,609
565c67fd230f18cc.png,555
56dbd7d814ef5c58.png,254
56e9d5f63cfc507e.png,441
5792d4a42d2a82c8.png,988
57e62606f02d0251.png,548
582663fe666aac9c.png,923
58420b727fcab02b.png,138
588bd41c9aa5a81b.png,534
589319c64adf5fce.png,699
58bbaa0c5ab520d5.png,762
58f0fd17c4a0e25a.png,954
59204d6bb0c234eb.png,418
592c7424f13b2d29.png,604
5973419efd52f783.png,763
59e9bdbb7a3fc4ba.png,744
5a0e21d54b9c4954.png,328
5a6439b10c1f6761.png,320
5a8d5bc9bf40e832.png,519
5ab3f1edd2f0cb06.png,387
5adb3d985cf217a9.png,405
5b3a8c63e41802e7.png,750
5b60477a29c7ef81.png,416
5b85f98e0105d135.png,570
5b974695c09ad165.png,953
5bdb8268eadf57d8.png,805
5bf502c4a4b7d04d.png,10
5c2d823a4d30e3d5.png,718
5c4eec952ca114a1.png,348
5c847b72d1e1713f.png,556
5c8bcfa0dbb246ab.png,818
5cd8864b6e35df82.png,866
5ceb9f2e8405b0de.png,412
5cf72b48fdf5e419.png,630
5d1df4748743d42e.png,964
5d23b04cc45bc37b.png,518
5d53f9bc389e98ad.png,265
5d6b9cadb6f9e1cd.png,896
5d6c4759c26bae8c.png,547
5d77597361d06d2b.png,904
5d8085ae68e07d72.png,709
5dbfff56258cf9e6.png,318
5dd8e133e66ecd3a.png,142
5ec826683757ffae.png,23
5efeca6c4c233f01.png,761
5f3ea3c6b683fb57.png,773
5fc906f27c8975d2.png,979
5ff168f7d006f69c.png,683
602f2c3749d6021e.png,747
604b54a3b7424d9b.png,1000
60566d5680497389.png,473
607702d7ef44d081.png,865
60ab0fb53634bc3c.png,766
60ed157b21d49c4c.png,755
60f5900a00d94b25.png,706
61131df39f19a4a0.png,615
611f453c4bb616b9.png,310
619a9d0eb2acdd82.png,744
61ed2594a0524631.png,472
6217866896fbe2b7.png,699
629138193e021cdf.png,885
62949c357e429690.png,610
62c7958e7cd80cca.png,402
62e0e0efc6deeef4.png,7
62ebd5f7ce015380.png,631
6314b953a2f66e36.png,311
631b6820e91a9e3e.png,13
634d7f18d098cccb.png,539
635ea505879178ed.png,539
6374e7e35ad90f50.png,291
63f2e14ab6be82cf.png,888
641d03527848417f.png,341
64577d3916d6dafb.png,621
648231d9393250fd.png,548
64ed3f0e8a2dc320.png,653
65251969959ce0e6.png,938
659ca4ac6cc57e89.png,778
65b8c8b065069802.png,666
65c1808390bd18c5.png,686
6609c25b3314b5b3.png,512
6612fd36e6dd9534.png,315
668bc83a884d24f9.png,3
66aa56675136bbab.png,470
6711e27733cfd050.png,718
6740e1e89b5bbab4.png,34
67967c9db11151e0.png,252
67a08d685abf7fb6.png,739
67a52d9155241752.png,875
67c0339b1dfda5f6.png,558
67dd47336dc89421.png,818
68274b8293271807.png,834
6841e385fe79177f.png,830
686ea4ec999364ff.png,459
6896a8b78f404dc8.png,978
6898f889c17f8e16.png,751
692016122b9e07a6.png,912
694e7617a4878041.png,884
696f0f6bea562bf8.png,854
69788a29e7436808.png,311
69854b68476d5068.png,893
69a3493d13953e1f.png,520
69a39406cb1d2ce5.png,476
6a50fbe8723a6a4a.png,563
6a940d1bf69f1d10.png,558
6ab876a15af539c4.png,984
6ac94c9244f84aa3.png,646
6ad1230d612d7eb7.png,438
6af829a442e2e0e7.png,132
6afe58efa85756dc.png,929
6b27728f0f816dc6.png,638
6bb6cf032c1286c5.png,468
6bea02f26beef50d.png,502
6bff4ecb94f1f84e.png,859
6c9f8901246faff2.png,629
6cae4a23623d142b.png,957
6cc289dc7a8fce86.png,158
6d2d82bc1ba0a956.png,52
6d6078c60e59e9f4.png,985
6de6432b0f23ae75.png,105
6e840c209f5733d5.png,442
6ecbd7d19f5b9147.png,596
6efed50f84ec5e01.png,954
7060ae82e5b96a77.png,522
7069a117c92d27a4.png,546
707bce947d54bcd8.png,947
70a2529a6b2c0d46.png,433
70b3b833463d20b9.png,864
70b9b8ae11327472.png,13
70d812d368e3e828.png,456
70db5a1689f89129.png,434
71080285ad6cb4e9.png,456
715335d5ddfca1f2.png,481
71d368782c72e313.png,913
721804d1d3a60206.png,909
7278c2b63080f08c.png,170
72ac2a5af79e26d5.png,865
72d85232abd98067.png,471
72e6ba0cc7fb30a6.png,875
72f96c6dc5df2de8.png,885
73064ceb466612d5.png,719
7368fe0ff47343a0.png,965
73728c249317ccb9.png,587
73a52afd2f818ed5.png,439
73ee2cc19ef92e50.png,982
740981d161a38bad.png,481
741fc1a3fc08731d.png,793
74355a8c878b6814.png,875
7453471febf1db6f.png,595
749ed3502293d019.png,475
74b13710bcf4f7f3.png,775
74b2e35cda75fe27.png,629
74bfc95412b2f824.png,672
74dbbe535861d709.png,702
7506caf0a49c3951.png,79
7524a7ef9de8edc3.png,947
7529b42e71769777.png,477
76886996d4ab4614.png,670
76a5715019fe11c7.png,821
76d7e2d1bf3a31fe.png,312
76db169867bf2e9d.png,964
7700d0ba053dc4bd.png,937
77ac8bf95825dfcc.png,635
77c72d0a01e1af70.png,428
78059d1afd7b9fea.png,58
784232355d49601b.png,327
789417c091011f53.png,342
791c3d333052ca64.png,964
795f5aef9bef8134.png,826
796e23f8dbf9a7a2.png,607
79a5625805a08253.png,766
79f953be91aa8ce2.png,726
79fa9855119ffeea.png,479
7a11ae4c1f5e790c.png,689
7a291389e67a8a07.png,703
7a51c260ca0e83e7.png,548
7a85f42383ec2f81.png,709
7b6a9bf5b175e3b2.png,558
7b6cc934fda859fa.png,905
7b6e963025eaeb66.png,306
7b71925e989ee1d8.png,925
7b8413ef241118df.png,566
7c249a944594a62e.png,550
7c3b0d93654b39cd.png,708
7c5ea6f89e6e2733.png,820
7c754696067fdfa9.png,765
7ca714cdcd5d36d9.png,780
7d253f78ef6f029a.png,683
7d2a7bca22967f29.png,735
7d2e9b03ec1b630b.png,401
7d4186ce0332245d.png,976
7d599306068f4594.png,717
7d7a8e41b8d0577e.png,998
7d833ac8ab852bd2.png,52
7e0fb7f80ffa514b.png,570
7e4c41563370bed1.png,719
7e5c847bafc4d50c.png,909
7e73c7adc520e406.png,133
7f045354f4577c16.png,558
7f3c20f487834846.png,408
7f842d0c1e747334.png,79
7fd7ce3eb2bf9944.png,100
80177288cda51d95.png,641
8020698d79dc39f2.png,855
803450d936b35ebb.png,934
8090736c8299ab28.png,980
8094d4088a08cf09.png,441
81804435ad51df95.png,437
81a7637c67f4f777.png,490
81ddbe14219e9dcf.png,318
820ae900a943d605.png,888
82179b1d313e0e23.png,548
821aae58dc96b4b2.png,341
823f8eae0df2d5c1.png,95
828ade8df2d14c45.png,888
82b6f0bc71f5d0af.png,647
82e2334925339ef8.png,818
83896b9fb7e9c2f8.png,537
839aa3d166b020cf.png,14
83d35591dfff99ac.png,581
8400742ba78ac009.png,971
84640859ee739095.png,720
84a5f6ee2af29208.png,321
84af93c72781b7f0.png,438
8555611998ea426a.png,991
858ec91996beb034.png,686
85e2eea48d912d31.png,806
864fffaf7a83b3f4.png,581
868af4a2e614f5ac.png,718
869adfbad4e38261.png,592
871c99d5658c3189.png,956
8724748782cb6c31.png,72
8749fd2540a0cb01.png,833
8764eecf6e898c7f.png,484
87937b805302f958.png,418
87a2147620d5e1cb.png,780
87fcc5f70673d3d2.png,669
8800cff23fade16a.png,532
8805b0b20d808c49.png,704
8859efd46fab37ff.png,923
8868879c2acd5d9e.png,322
890fdaf4e1892e00.png,313
89119361e9d9e02d.png,481
891fe6baf8896b77.png,659
89d60f53d478c4f7.png,782
89d8361c6bfe905c.png,604
89f48bcf97aa6600.png,418
8a02b6196885c394.png,760
8a82ddd7ab76efbb.png,511
8af30e5c3fa48a08.png,693
8b47d72b39b2bd33.png,526
8b7a5446dae48ac1.png,320
8bb7d10e97694eb5.png,143
8c5b5bc0f39e2e06.png,898
8c609b06a60af060.png,499
8c6edf1ddfb61102.png,889
8c8bc30a62a1ee23.png,304
8c975de17f3247d1.png,650
8d17aa69b4fd7b45.png,407
8d68931ba23fdeb7.png,842
8d86fae18afef4e0.png,38
8d90c523b27410a7.png,321
8da3593258ae27cb.png,581
8df3dc0c3fef1824.png,951
8e3324c208eb9a3b.png,822
8e89734ed940e222.png,657
8e9e976fc98e3cfa.png,666
8f07c92f0af97807.png,806
8f5e0855ca8de8ea.png,886
8f5eda0b6a910b43.png,950
8f97e3fface13e4d.png,472
8f9c1e4fd9f4cb2e.png,17
90ab38bb74020d5a.png,647
90dfd75887f3e67b.png,986
90e11aa7c36c64f2.png,950
90e1aa56cae80a60.png,918
90e9a43bfb6a68b7.png,867
90f5385a77a49f77.png,704
911aebf30626ce02.png,875
919a6f1d23c6d05e.png,145
91d18b353d5b3be2.png,931
9226b783cfb770bd.png,729
92c3f5e99d8ac862.png,664
92c73d668e2cd3ce.png,859
92dbb18dd447fd75.png,490
93114736f072d6d3.png,617
9311a098cfb4b946.png,472
93394c1f9c4c0053.png,124
938ada2f2bfa2b68.png,844
93a0857ff81c25ce.png,548
9429f0d1ad2283df.png,438
943274babd06a662.png,669
9455bd672cb9e4bd.png,522
95185508805329aa.png,540
9534108b0e8dceb1.png,647
957529a2abaa0581.png,883
9594ef7e0fc79ea8.png,836
95d1a6be6786190f.png,891
95d6a4087f394d8b.png,750
95fbd20d0aaf319a.png,826
96e77c20bf94ecb1.png,818
96fcb76927274db6.png,472
97025d82ec9860dc.png,676
97151fe7a0a6e2e3.png,734
97917829607b6189.png,859
979757e16b67ac7e.png,323
9876fe92d003c9d4.png,913
99f175132cd1c6e2.png,928
9a1c67f467b9beea.png,303
9a49001b63903f72.png,881
9a5913e0fb6d0866.png,468
9ab953cce5c7f879.png,443
9aba31a4b2404aa5.png,912
9b4cab2ffb0c0754.png,975
9c0e25e2f72438e8.png,512
9c509bfb75167fb0.png,641
9cf861a657c27cec.png,583
9d4674c86096e4bd.png,662
9d55997552acf0de.png,260
9d5ef11ec55123e5.png,100
9db1070b1b9f03d2.png,324
9ee13ecd8d6727c0.png,801
9f3afb58c061c290.png,981
9f55ac35ce9703e5.png,9
9f6fe669276f04cf.png,920
9fbeb797de1e1639.png,763
9fe19d5c6dab83a3.png,455
a00c8d22e63497c4.png,431
a033832d9ff8913b.png,101
a187afb98f295057.png,7
a193f7ae7d550a82.png,738
a28beac14b9037da.png,405
a2de1f4f2c1021fa.png,894
a33af1b9f8b8a81b.png,880
a3c4dd88edacb575.png,842
a3c651cf20ee2d34.png,641
a414ccf5c51454e0.png,830
a482985ca1e77960.png,891
a4f718e554dd18dd.png,976
a52570066ecc61fd.png,976
a5949b0719d3ea77.png,112
a64ae1acd9d09a87.png,129
a6535c039bfeba2c.png,536
a70b1cda0776cba6.png,143
a7151de51c2f1d0b.png,50
a74f197288b10a0d.png,808
a777db736ecdfb65.png,326
a7f9b28e30d19d85.png,662
a84ead15406596ce.png,480
a8631b077e74f7aa.png,480
a8c3363bbcc7015c.png,884
a8dd9ba15f7b817b.png,806
a8fca010774a1187.png,829
a8fe76c687b00e33.png,892
a90d9627e2145090.png,426
a920691cf2d50f79.png,329
a92ab9e5fb9c5d64.png,815
a92babc0a6436d3b.png,760
a92e49d8bbdc2aae.png,533
a97274c7e80a1764.png,866
aa07ba1587ec047e.png,469
aa4e1cf9cb6e7801.png,896
aa90f93ed6fae139.png,310
ab3fef142d031784.png,657
ab42aa5e9745c214.png,860
ab8329c28d8538c3.png,469
abd121ef53a69ef8.png,240
abe9504895f6e8dd.png,566
ac295a63ac9d2cd7.png,693
ac2a8a4777dbe746.png,896
ac668c13ccfd4b79.png,764
acd99e9b7128395a.png,971
ad333e5d6953cbbf.png,633
ad43e858c614db4d.png,968
adcf48b42266309d.png,505
ae24c23192976a40.png,752
ae78688b32986638.png,913
af2ac1705dc19a5f.png,384
af3736cca01a2d28.png,318
af543b5f19ed1b1d.png,40
afa0f88aaab03427.png,545
afb0233b2e0545c4.png,581
afe045d68f1a60d0.png,989
b02b553998809e17.png,704
b0619a61cf135f5e.png,985
b0bb1ea9bcc45800.png,845
b0e0e06e647b478f.png,664
b11fa0f292c0178f.png,702
b19e2df06dbcccd9.png,673
b1bf532ce2c4c3a1.png,875
b1e69e9c3d740f4c.png,4
b217644382dcd864.png,512
b239b5b3e1642f3b.png,778
b2a7e558f1a3ff16.png,620
b3ba6f0352a29b2d.png,752
b3c384a2d1a391c0.png,778
b3f200c672c5ca4f.png,647
b48febf2b989205b.png,760
b5548ecffa20aac8.png,989
b58e8d136aff5a50.png,625
b648e8dfcb4fbc99.png,982
b6c6a5b7829fbc9b.png,473
b722c809657aecee.png,777
b74c05ecff5f99d8.png,407
b76e552d4b3ec0c3.png,992
b7d9e1d8cf1d7912.png,519
b8596bba57a73794.png,352
b86d604067f50613.png,490
b89dbfcc49dcf156.png,889
b9310b9080c06e4f.png,867
b97f4b95ae696316.png,518
ba4508962af69d90.png,673
ba4b978112a20be1.png,972
baeb1300832574aa.png,981
bb03be3702584eeb.png,672
bb6fcb4a52b4fc0f.png,735
bb748281da5e8681.png,348
bba5c56cc3eb07c9.png,921
bc7dff0960bb3335.png,443
bc9a5e01c02e759e.png,923
bd3617fcc985fe31.png,550
be1c43056c5d0085.png,145
be5543dc68f0b970.png,780
be95f5be87f6fadd.png,459
be97d1e63c32043e.png,95
be9a3bea2989a0b4.png,718
beb3e55c385feb12.png,815
becf3b004177ded6.png,986
bfb2aaf48d7fc08c.png,976
c02ff39fe5832f4b.png,581
c036b20afde859b7.png,273
c0e0c11350b8740e.png,319
c10f6e0689efbc1c.png,888
c135337ca7a575ae.png,348
c135b139d293f7f2.png,347
c179282bd977c6e0.png,672
c17d39b1eba4cc03.png,669
c25da85d5d62b000.png,404
c27e3bde18fba21b.png,323
c335ce88293384f2.png,408
c35cd0d5673ec1db.png,70
c3cf76709c87255b.png,706
c3e9a84e039df3ce.png,469
c3f452167c39302f.png,298
c42c88890b5fc86d.png,671
c43077b2283479be.png,14
c47ca11294a9aefe.png,547
c4824f023903731a.png,738
c5c9d17672ff88ce.png,458
c5f5e09f4f5fd41a.png,834
c609f86fa706bb9e.png,722
c6166621198a3de4.png,986
c66310d8b709d6d5.png,763
c663670c06c06ea4.png,550
c6b5f6c1d79dffc6.png,583
c6e0d2ab3bbf4a3e.png,706
c755f3b0f89028fc.png,566
c777da68bec01dcd.png,487
c7d0c73d636300f5.png,830
c819099fed6f0d73.png,749
c8231978dc765004.png,170
c83cfca4bc9dd3c7.png,1000
c84cbc2c05227bee.png,437
c8abefc975e94b10.png,875
c9302f3b2b0452e4.png,884
c96358fe7b8eaf28.png,599
c96c3eab644075d3.png,348
c98a8640dcfaa5e0.png,747
c9ddfb1043177de8.png,976
ca50e3535eb6396c.png,804
cb63df64516985c1.png,670
cb71a056a8e05bb2.png,319
cbaff3255afbe83f.png,561
cbcb7444cc827812.png,763
cc13c2bc5cdd1f44.png,560
cc283b8f7f46fbf0.png,574
cc43200264a62126.png,981
cc8d850717026796.png,662
ccbcaf10176e78e0.png,923
cd2d2889ef7ac51c.png,924
cd40b0e46c9da574.png,662
ce05236afebb173d.png,536
cebd45d7200f6111.png,71
cec46dbd1fa3473a.png,898
cfab8f880da31ad8.png,541
d0029b3675b792ae.png,790
d016b3204e7ca96e.png,582
d02adcb9140880a1.png,916
d05076189b7fd185.png,708
d051e0bd46125123.png,669
d0c6c29954f0380b.png,431
d0fe8afb55c3c7cd.png,484
d12aad0d18252b40.png,325
d158837db31ed892.png,519
d1709eec353a6f93.png,34
d1a723656dc08b5e.png,822
d204464fcf15ad99.png,300
d23fd2119c4f5dec.png,329
d25df1a8259d3fdf.png,161
d2cc2eabfc7bf54a.png,556
d2d2b255935f0aae.png,354
d2d6ae6e0b8a0c31.png,986
d34c51d7523e9c0f.png,647
d3551db0b83c8fc0.png,618
d386396825739960.png,854
d392f0639c17f396.png,581
d3a88c50958b1b5f.png,980
d3aa8ee50458c020.png,431
d4579363596fbf21.png,833
d46216d31908163e.png,896
d47c9aabecda0e12.png,986
d4c817db6be62b71.png,95
d531a31add433f46.png,764
d5d5f843f100328c.png,886
d67b326ef48bb7b7.png,498
d6887e8d19a06139.png,563
d6d192c5786f29f5.png,473
d6d42f8a1f6b4460.png,666
d6eac6858474111c.png,323
d72f34526e12fd83.png,442
d740663eeccdcecd.png,438
d741b583a123562b.png,321
d77af00930283f4b.png,901
d7984e6e1a51b3c4.png,518
d7c1d1632cf0acc7.png,404
d7c8008bf74f2324.png,815
d7d5b34ea0a0ffcf.png,878
d7d8fc1442a82a8e.png,22
d7de327bbf412965.png,747
d7ffed8f21024a14.png,752
d8b0101e2459882a.png,706
d94940216544b2c5.png,48
d959fd91192d5717.png,629
d97c1f3f1c211d1a.png,979
d9da4e5ef53d5e8b.png,641
d9f624188d16fe93.png,47
da4b3e38b069d735.png,777
da4f4d6944d93ae0.png,735
da63f2acf683c0a7.png,361
da7e65bc80814f37.png,788
daa43d65c3b18a84.png,822
daa6404780b1af27.png,572
dacb07f80166a7fd.png,825
dad40e355e4e8e96.png,655
db6c6671a6924eba.png,407
dc12a25cc85ee9cf.png,647
dcb6b32cd80f2b1f.png,556
dd4d033a9a45552d.png,392
dd722682a9f2b9dd.png,437
dd984311bff04342.png,118
dde33b51c8c152d2.png,735
dde9f0aadcb02874.png,7
de282cea97167923.png,318
de40907c1e2c5515.png,629
df2cd1b82d5dec14.png,747
df58f94361c6d105.png,657
df874264566c58a9.png,742
e071bf346787d971.png,563
e0c0f412d78571dc.png,734
e19a59ad09d18497.png,443
e1c702ed9842dd1c.png,693
e22a1c8dab22f256.png,311
e37b556e8889d2ec.png,752
e3a740861f12f49e.png,566
e3c3f8889ac99aec.png,536
e3f5dbed7bd31314.png,547
e4941a341ace171a.png,709
e570258f1bef4ade.png,367
e5948d6294eb8ca3.png,887
e5cf220f8144c192.png,706
e5f15610a22098bb.png,672
e648427e38e80ff8.png,888
e66d732354c6baf0.png,301
e6e677a28e3bd6d7.png,604
e6f2de0c605f1ed3.png,132
e758de2cbb3d10a0.png,309
e7b61bec5e4ca40e.png,324
e7cafac174e90143.png,526
e89d48768917f563.png,459
e8c6f75ad26bae84.png,973
e8c99e0220ab46d2.png,762
e8d5809ee6888f8f.png,717
e91abe0f1a7a30f4.png,752
e957c417fcd20c5b.png,820
e95ef0aeeab7b496.png,889
e96d52f9fbe3ca0b.png,631
e9811aebe8bed6e5.png,336
e99ceff3e420ef95.png,831
e9ecdf28dc1d5a85.png,609
ea65c0ff71e7ceb3.png,404
eab9755117160864.png,611
eae13c52554a7783.png,781
eb53098ebcf05e64.png,564
eb8ce5ba5c47e344.png,669
ebb4dad78cfd67a9.png,738
ebdfdcba5dc3b72a.png,868
ec346009f286ffca.png,125
ecaf98c8ce9f04c3.png,561
ecd3a969dd466349.png,285
ed3573d0c197fbaf.png,848
ed3cb7f5154ae02d.png,980
ed3f9b6a081a4802.png,818
ed56c7616a8ac010.png,782
ed786d792c4309a4.png,499
ed9b2813b9245e52.png,668
eee6f4bcc8468f77.png,964
ef0e34b8ccb6d42f.png,701
ef5b1e5a76ae66dc.png,540
efeabdd8a05e91f8.png,498
f08f34c258228251.png,719
f0add7f552d2d895.png,650
f0dcd519b5499d48.png,664
f1a6fdadaa132225.png,852
f1ce339a44d7a118.png,98
f20783fc38473514.png,468
f20911d36a287dce.png,725
f24817d66024dfb6.png,742
f2bfa7a95e787fe1.png,721
f2d36d089779166a.png,342
f33087679c5e7799.png,443
f348adf7ea1967f7.png,909
f43fbfe8a9ea876c.png,884
f4902a569fa12171.png,950
f4bde5facfdca0c6.png,788
f52db15134c1a74e.png,638
f533740a8d4618ce.png,288
f54616f2af588fd8.png,673
f5a2cf5c66d313fa.png,977
f5b0ed0fbb3b5f74.png,567
f5dffe28fc19b6e7.png,918
f63d58b5af16091f.png,716
f6437ed4f1b8fe23.png,302
f6515f31b750a573.png,340
f6d5c95ce7908a58.png,561
f734e87286835196.png,71
f7947af6545be760.png,418
f7dd570a0cfe1dcc.png,669
f963957ccfa82f6b.png,143
f9937696f421f4e4.png,85
f9f36f7774d73820.png,305
fa2a7d600b62174e.png,521
fa3aae44c2675e88.png,771
fa5484e61e455eb2.png,477
fae45093bad0961a.png,529
fae551840c1690fa.png,720
fafbad0b3093a886.png,672
fb1efda0b27d5289.png,848
fbc6b98b13c768e2.png,459
fc583c08026e3d74.png,881
fc94d8ed9eca8c51.png,396
fccab516c111d524.png,484
fccfc3563cd562e1.png,977
fd26c4733822dfcc.png,363
fdedd06cdf58084e.png,982
fe1314dd6f75551d.png,921
fe193683db61ac2d.png,895
fe2edb6cad72d2d2.png,918
fe92a88132b5d67b.png,963
fe94909a2fad4ffe.png,547
fecd59b8de8ae6f7.png,820
ff5182599937c1ec.png,30
fff35cdcce3cde43.png,913
